start_date,end_date,days,mean_calories,mean_carbs_g,mean_protein_g,mean_steps,pre_ratio,run_ratio,post_ratio,run_minus_pre_ratio,post_minus_pre_ratio,post_minus_run_ratio,pre_tdee,run_tdee,post_tdee,post_minus_pre_tdee,fat_delta_30d,long_run,deep_run,low_carb,low_protein,high_steps,protein_pct,carb_pct,deficit_vs_pre_tdee,relative_deficit,run_cal_std,run_travel_frac,fat_mass_start,ffm_start,fm_start,phase,phase_code
2011-05-23,2011-06-01,10,1578.1,201.0,42.6,3406.0,1.2216,1.2265,1.238,0.0049,0.0164,0.0115,2731.7,2738.3,2759.9,28.2,-6.35,True,False,False,True,False,0.10797794816551551,0.5094734174006718,1153.6,0.4223011311637442,202.78201213234976,0.0,96.7,159.1,99.0,,
2011-06-04,2011-06-17,14,1546.1,213.4,49.6,3406.0,1.2241,1.239,1.2278,0.0149,0.0036,-0.0113,2734.8,2763.3,2733.5,-1.3,-6.6,True,True,False,True,False,0.12832287691611152,0.5520988293124637,1188.7000000000003,0.43465701330993134,165.24241267015847,0.0,93.05,159.0,98.6,,
2011-07-07,2011-07-18,12,1628.2,245.5,50.4,3406.0,1.2371,1.2127,1.1726,-0.0244,-0.0645,-0.0401,2756.7,2697.9,2604.5,-152.2,-5.31,True,False,False,True,False,0.12381771281169389,0.6031200098268026,1128.4999999999998,0.40936627126636915,60.60621780282644,0.0,83.09,158.7,97.5,,
2011-07-23,2011-07-26,4,1500.2,204.0,52.0,3406.0,1.2198,1.1798,1.1723,-0.04,-0.0476,-0.0076,2714.9,2622.5,2602.1,-112.8,-3.87,False,True,False,True,False,0.1386481802426343,0.5439274763364884,1214.7,0.44741979446756786,38.40464381642755,0.0,78.57,158.6,96.9,falling,-1.0
2011-07-31,2011-08-04,5,1565.4,210.2,46.2,3406.0,1.2034,1.1646,1.1791,-0.0388,-0.0243,0.0145,2676.7,2586.8,2615.5,-61.2,-4.17,False,False,False,True,False,0.11805289382905328,0.5371151143477705,1111.2999999999997,0.4151754025479134,74.01891650112152,0.0,76.83,158.6,96.7,falling,-1.0
2011-08-08,2011-08-11,4,1604.0,190.8,50.2,3406.0,1.186,1.1654,1.1844,-0.0206,-0.0016,0.019,2636.4,2587.2,2625.8,-10.6,-4.02,False,False,False,True,False,0.12518703241895263,0.4758104738154614,1032.4,0.3915945986951904,155.18376203714098,0.0,74.83,158.5,96.4,falling,-1.0
2011-08-13,2011-08-15,3,1553.3,224.7,56.7,3406.0,1.1776,1.1723,1.1854,-0.0053,0.0079,0.0131,2616.5,2601.3,2627.3,10.8,-4.11,False,False,False,True,False,0.14601171698963497,0.5786390265885534,1063.2,0.40634435314351236,61.65495384260159,0.0,73.84,158.4,96.2,falling,-1.0
2011-08-19,2011-08-22,4,1581.2,197.0,54.5,3406.0,1.1721,1.1828,1.1825,0.0107,0.0104,-0.0003,2603.1,2623.5,2619.4,16.3,-4.26,False,False,False,True,False,0.13786997217303312,0.4983556792309638,1021.8999999999999,0.39257039683454337,169.5,0.0,72.37,158.4,96.0,falling,-1.0
2011-08-24,2011-08-26,3,1644.0,237.3,53.3,3406.0,1.1716,1.1884,1.1785,0.0168,0.0069,-0.0099,2600.9,2634.7,2609.7,8.7,-3.99,False,False,False,True,False,0.12968369829683699,0.5773722627737227,956.9000000000001,0.3679111076934907,70.61869440877535,0.0,70.99,158.4,95.8,falling,-1.0
2011-09-03,2011-09-05,3,1653.0,284.3,42.7,3406.0,1.1782,1.1897,1.1644,0.0115,-0.0138,-0.0253,2613.7,2635.7,2576.4,-37.3,-4.03,False,False,False,True,False,0.10332728372655778,0.6879612825166365,960.6999999999998,0.3675632245475762,62.37788069500277,0.0,68.77,158.3,95.5,falling,-1.0
2011-09-07,2011-09-10,4,1609.2,256.8,44.2,3406.0,1.1818,1.1855,1.1566,0.0037,-0.0252,-0.0289,2620.7,2625.5,2558.1,-62.6,-3.88,False,False,False,True,False,0.10986825751926424,0.6383296047725578,1011.4999999999998,0.38596558171480894,96.79316435919773,0.0,67.69,158.2,95.3,falling,-1.0
2011-09-12,2011-09-16,5,1614.6,241.2,39.2,3406.0,1.1849,1.1761,1.1479,-0.0088,-0.037,-0.0282,2626.6,2603.6,2537.7,-88.9,-3.52,False,False,False,True,False,0.09711383624427104,0.5975473801560758,1012.0,0.3852889667250438,34.68140712254911,0.0,66.27,158.2,95.2,falling,-1.0
2011-10-04,2011-10-07,4,1746.2,245.5,64.0,3406.0,1.1675,1.142,1.1274,-0.0255,-0.0401,-0.0146,2583.6,2523.8,2488.3,-95.3,-2.23,False,False,False,False,False,0.14660405451838276,0.5623639903791089,837.3999999999999,0.3241213810187335,53.31900849290679,0.0,61.76,158.0,94.4,falling,-1.0
2011-10-12,2011-10-16,5,1730.4,228.2,64.6,3406.0,1.1551,1.133,1.1246,-0.022,-0.0305,-0.0084,2554.5,2502.4,2480.4,-74.2,-1.44,False,False,False,False,False,0.14932963476652794,0.5275080906148867,824.0999999999999,0.3226071638285378,37.666961650762325,0.0,60.17,158.0,94.1,falling,-1.0
2011-11-17,2011-11-21,5,1546.0,193.8,61.4,3406.0,1.1246,1.1361,1.1471,0.0115,0.0225,0.011,2480.3,2502.2,2522.9,42.6,-3.32,False,True,False,False,False,0.15886157826649416,0.5014230271668823,934.3000000000002,0.37668830383421364,78.53024894905147,0.0,57.01,157.7,92.9,falling,-1.0
2011-12-10,2011-12-12,3,1580.3,206.7,71.0,3406.0,1.1417,1.1498,1.1208,0.0081,-0.0209,-0.0289,2513.4,2528.0,2461.1,-52.3,-2.54,False,False,False,False,False,0.1797127127760552,0.5231917990255015,933.1000000000001,0.37125009946685766,178.29843895371977,0.0,52.54,157.5,92.1,falling,-1.0
2011-12-14,2011-12-16,3,1647.7,236.7,53.0,3406.0,1.1449,1.146,1.1117,0.0012,-0.0331,-0.0343,2519.5,2519.0,2440.3,-79.2,-2.03,False,False,False,True,False,0.12866419857983855,0.5746191661103356,871.8,0.34602103591982536,133.28665849714042,0.0,51.54,157.5,92.0,falling,-1.0
2011-12-27,2011-12-30,4,1438.0,211.5,74.2,3406.0,1.1449,1.1205,1.0764,-0.0244,-0.0685,-0.0441,2517.0,2460.0,2360.2,-156.8,-1.8,False,True,False,False,False,0.20639777468706538,0.588317107093185,1079.0,0.4286849423917362,237.84028254271814,0.0,50.11,157.4,91.5,falling,-1.0
2012-01-05,2012-01-07,3,1640.7,223.7,69.0,3406.0,1.1341,1.0994,1.0592,-0.0348,-0.075,-0.0402,2491.6,2412.0,2320.9,-170.7,-2.0,False,False,False,False,False,0.16822088133113913,0.5453769732431278,850.8999999999999,0.34150746508267776,105.4577324492298,0.0,49.21,157.3,91.2,falling,-1.0
2012-01-18,2012-01-22,5,1541.6,205.0,54.8,3406.0,1.1069,1.0601,1.045,-0.0468,-0.0619,-0.0151,2429.3,2323.4,2287.2,-142.1,-2.5,False,True,False,True,False,0.14218993253762324,0.5319148936170213,887.7000000000003,0.36541390524019274,108.93025291442227,0.0,47.85,157.2,90.7,falling,-1.0
2012-01-24,2012-01-26,3,1732.7,196.3,64.0,3406.0,1.0916,1.0488,1.0451,-0.0428,-0.0465,-0.0037,2394.6,2298.0,2286.6,-108.0,-2.08,False,False,False,False,False,0.14774629191435332,0.4531655797310556,661.8999999999999,0.27641359726050274,68.47870715290507,0.0,46.62,157.1,90.5,falling,-1.0
2012-02-01,2012-02-09,9,1601.1,193.0,42.9,3406.0,1.0716,1.0414,1.0504,-0.0303,-0.0213,0.009,2349.4,2279.4,2295.6,-53.7,-2.19,True,False,False,True,False,0.10717631628255575,0.48216850914995946,748.3000000000002,0.31850685281348434,95.94587594634336,0.0,45.97,157.1,90.3,falling,-1.0
2012-03-24,2012-03-31,8,1539.6,210.0,68.1,3406.0,1.0553,1.0646,1.0636,0.0093,0.0084,-0.0009,2303.9,2320.8,2315.2,11.3,-1.87,True,True,False,False,False,0.17692907248636008,0.5455962587685114,764.3000000000002,0.33174182907244243,116.19065305411988,0.0,41.56,156.7,88.5,falling,-1.0
2012-05-20,2012-05-24,5,1649.8,224.2,51.6,3406.0,1.0416,1.0196,1.0116,-0.022,-0.03,-0.008,2263.8,2213.0,2192.5,-71.3,-1.09,False,False,False,True,False,0.12510607346345012,0.5435810401260759,614.0000000000002,0.2712253732661897,94.26133884048114,0.2,37.66,156.2,86.5,falling,-1.0
2012-06-23,2012-06-25,3,1562.3,195.7,61.0,3406.0,1.0118,1.0106,1.0131,-0.0012,0.0013,0.0025,2193.2,2188.0,2190.2,-3.0,-0.86,False,False,False,False,False,0.15617999103885297,0.5010561351853037,630.8999999999999,0.2876618639430968,54.81179921634878,0.0,35.66,155.9,85.3,falling,-1.0
2012-09-14,2012-09-17,4,1622.8,223.8,60.8,3406.0,1.026,1.024,1.0134,-0.002,-0.0126,-0.0106,2209.2,2201.8,2176.1,-33.1,-1.8,False,False,False,False,False,0.14986443184619178,0.5516391422233178,586.3999999999999,0.26543545174723876,119.19556759096932,0.0,31.45,155.3,82.5,falling,-1.0
2012-09-27,2012-09-30,4,1631.0,223.5,67.5,3406.0,1.0245,1.0151,1.0076,-0.0093,-0.0169,-0.0075,2203.6,2180.5,2161.4,-42.2,-0.13,False,False,False,False,False,0.16554261189454322,0.5481299816063765,572.5999999999999,0.2598475222363405,121.47427711248172,0.0,29.83,155.2,82.0,falling,-1.0
2012-12-30,2013-01-02,4,1304.2,190.8,46.0,3406.0,1.014,1.0254,1.0323,0.0114,0.0182,0.0068,2164.7,2186.2,2197.6,32.9,-2.52,False,True,False,True,False,0.14108265603435055,0.5851863211163932,860.4999999999998,0.3975146671594216,387.90752764028696,0.0,32.01,154.4,78.8,stable,0.0
2013-01-12,2013-01-15,4,1441.0,195.0,45.8,3406.0,1.0224,1.0322,1.0347,0.0097,0.0122,0.0025,2180.3,2198.0,2200.4,20.0,-0.57,False,True,False,True,False,0.12713393476752255,0.5412907702984039,739.3000000000002,0.3390817777370087,161.17278513032736,0.0,29.39,154.3,78.3,stable,0.0
2013-01-30,2013-02-02,4,1686.2,210.2,61.5,3406.0,1.0314,1.0347,1.0386,0.0033,0.0072,0.0039,2196.3,2200.2,2205.5,9.2,-2.16,False,False,False,False,False,0.1458901672399478,0.4986359862412525,510.10000000000014,0.2322542457769886,97.12663555036453,0.0,29.63,154.2,77.7,stable,0.0
2013-02-04,2013-02-06,3,1665.3,245.0,58.3,3406.0,1.0327,1.0353,1.0394,0.0025,0.0067,0.0041,2198.2,2201.0,2206.5,8.2,-2.1,False,False,False,False,False,0.14003482855941873,0.5884825556956704,532.8999999999999,0.24242562096260573,12.423096769056148,0.0,28.94,154.1,77.5,stable,0.0
2013-02-08,2013-02-11,4,1570.8,193.2,76.0,3406.0,1.0335,1.0365,1.0399,0.003,0.0064,0.0035,2199.1,2202.5,2206.7,7.6,-2.19,False,False,False,False,False,0.19353195823784058,0.4919786096256684,628.3,0.28570778955027054,76.88682158428279,0.0,28.42,154.1,77.4,stable,0.0
2013-02-24,2013-02-28,5,1399.6,168.8,63.2,3406.0,1.0365,1.041,1.0329,0.0045,-0.0035,-0.0081,2202.6,2209.0,2188.9,-13.7,-3.06,False,True,True,False,False,0.18062303515290085,0.48242354958559597,803.0,0.3645691455552529,158.28234266651475,0.0,26.79,154.0,76.8,falling,-1.0
2013-03-03,2013-03-07,5,1396.2,185.2,40.0,3406.0,1.0381,1.0416,1.0241,0.0034,-0.014,-0.0174,2204.9,2209.2,2168.9,-35.9,-2.56,False,True,False,True,False,0.11459676264145538,0.5305830110299383,808.7,0.3667740033561613,78.37537878696345,0.0,25.43,153.9,76.6,falling,-1.0
2013-03-09,2013-03-15,7,1547.0,192.3,60.1,3406.0,1.0394,1.039,1.0113,-0.0004,-0.0281,-0.0277,2206.5,2202.1,2140.3,-66.2,-1.89,True,True,False,False,False,0.15539754363283775,0.49722042663219135,659.5,0.2988896442329481,78.04058773057346,0.0,24.19,153.9,76.4,falling,-1.0
2013-03-17,2013-03-20,4,1542.5,201.0,59.8,3406.0,1.0399,1.0333,1.0026,-0.0066,-0.0372,-0.0307,2206.0,2189.0,2121.1,-84.9,-1.25,False,True,False,False,False,0.15507293354943275,0.5212317666126418,663.5,0.3007706255666365,234.82262809760618,0.0,22.99,153.8,76.1,falling,-1.0
2013-03-22,2013-03-24,3,1582.0,179.7,74.7,3406.0,1.0389,1.0264,0.9959,-0.0125,-0.043,-0.0306,2203.1,2174.0,2106.2,-97.0,-0.62,False,False,False,False,False,0.18887484197218712,0.4543615676359039,621.0999999999999,0.2819209295992011,150.2497920131672,0.0,22.18,153.8,75.9,falling,-1.0
2013-04-24,2013-04-28,5,1407.8,169.2,63.0,3406.0,0.9959,0.9729,0.9678,-0.023,-0.0281,-0.0051,2106.2,2054.8,2041.0,-65.2,-1.47,False,True,True,False,False,0.17900269924705214,0.48075010654922573,698.3999999999999,0.33159244136359317,190.01763076093755,0.2,21.4,153.5,74.8,falling,-1.0
2013-05-01,2013-05-03,3,1679.3,175.7,101.7,3406.0,0.9856,0.9692,0.9674,-0.0164,-0.0182,-0.0018,2083.3,2046.0,2039.3,-44.0,-1.12,False,False,False,False,False,0.2422437920562139,0.4185077115464777,404.0000000000002,0.19392310276964442,40.796241656963126,1.0,20.63,153.4,74.5,falling,-1.0
2013-05-06,2013-05-10,5,1478.8,206.8,62.6,3406.0,0.9798,0.9675,0.9673,-0.0123,-0.0125,-0.0002,2070.1,2041.2,2037.9,-32.2,-0.8,False,True,False,False,False,0.1693264809304842,0.5593724641601299,591.3,0.2856383749577315,149.4496570755517,0.0,20.24,153.4,74.4,falling,-1.0
2013-05-18,2013-05-20,3,1515.7,200.0,76.7,3406.0,0.9709,0.9673,0.967,-0.0036,-0.0039,-0.0003,2049.3,2039.0,2035.6,-13.7,0.06,False,True,False,False,False,0.20241472586923534,0.5278089331661938,533.6000000000001,0.2603815937149271,197.6621697071378,0.0,19.42,153.3,74.0,falling,-1.0
2013-07-24,2013-07-26,3,1519.3,165.0,76.7,3406.0,0.9602,0.9536,0.9469,-0.0066,-0.0133,-0.0066,2015.7,1999.0,1982.4,-33.3,-1.3,False,True,True,False,False,0.2019351016915685,0.4344105838214968,496.4000000000001,0.24626680557622666,87.50619025722314,0.0,20.03,152.8,71.6,stable,0.0
2013-07-28,2013-08-01,5,1494.2,215.4,44.8,3406.0,0.9588,0.9509,0.9459,-0.0078,-0.0129,-0.0051,2012.0,1992.6,1979.2,-32.8,-1.0,False,True,False,True,False,0.11993039753714362,0.57662963458707,517.8,0.2573558648111332,57.10691726927658,0.0,19.59,152.7,71.5,stable,0.0
2013-08-04,2013-08-06,3,1456.7,191.0,56.3,3406.0,0.9558,0.9478,0.9458,-0.008,-0.01,-0.002,2004.7,1985.0,1978.2,-26.4,-0.8,False,True,False,True,False,0.15459600466808537,0.5244731241848013,548.0,0.27335760961739913,201.79527579537964,0.0,19.13,152.7,71.3,stable,0.0
2013-08-08,2013-08-10,3,1690.0,176.0,60.3,3406.0,0.954,0.9462,0.9463,-0.0078,-0.0077,0.0001,2000.2,1981.3,1978.6,-21.5,-0.46,False,False,False,False,False,0.14272189349112424,0.4165680473372781,310.20000000000005,0.15508449155084494,135.36986370680884,0.0,18.65,152.7,71.1,stable,0.0
2013-08-12,2013-08-15,4,1638.2,207.5,68.0,3406.0,0.9522,0.9451,0.9477,-0.0071,-0.0045,0.0026,1995.7,1978.0,1980.7,-15.0,-0.24,False,False,False,False,False,0.16603589305335123,0.5066536442436821,357.5,0.1791351405521872,63.26860727617344,0.0,18.39,152.6,71.0,stable,0.0
2013-08-25,2013-08-27,3,1574.7,195.3,66.3,3406.0,0.9472,0.9452,0.9541,-0.0021,0.0069,0.009,1983.1,1976.3,1992.1,9.0,-0.31,False,False,False,False,False,0.168413031053534,0.4960944941893694,408.39999999999986,0.20594019464474805,206.0517734292363,0.0,18.2,152.5,70.5,stable,0.0
2013-09-02,2013-09-04,3,1682.7,182.7,81.0,3406.0,0.9458,0.948,0.9601,0.0022,0.0143,0.0121,1978.8,1980.7,2003.3,24.5,-0.55,False,False,False,False,False,0.19254769121055446,0.4343020146193617,296.0999999999999,0.1496361431170406,19.2180470738661,0.0,18.21,152.5,70.3,stable,0.0
2013-09-09,2013-09-12,4,1454.8,176.2,56.0,3406.0,0.9461,0.9525,0.9665,0.0063,0.0204,0.0141,1978.4,1988.8,2015.4,37.0,-0.52,False,True,False,True,False,0.1539730547154248,0.4844652185867473,523.6000000000001,0.26465830974524873,158.91795577173357,0.0,18.16,152.4,70.0,stable,0.0
2013-10-27,2013-10-29,3,1632.7,190.7,57.0,3406.0,0.9771,0.988,0.9964,0.0109,0.0193,0.0084,2035.1,2055.0,2069.6,34.5,-0.19,False,False,False,True,False,0.13964598517792612,0.46720156795492124,402.39999999999986,0.19772984128544047,192.83758278233353,0.0,18.1,152.0,68.4,stable,0.0
2014-01-04,2014-01-06,3,1031.0,159.0,28.3,3406.0,1.0106,1.0156,1.0194,0.005,0.0088,0.0038,2092.8,2100.3,2105.3,12.5,-0.77,False,True,True,True,False,0.10979631425800195,0.6168768186226964,1061.8000000000002,0.5073585626911316,219.52904135899652,0.0,19.71,151.5,66.0,stable,0.0
2014-01-30,2014-02-01,3,1621.0,200.0,64.0,3406.0,1.0178,1.0215,1.0242,0.0037,0.0064,0.0027,2103.2,2108.0,2110.5,7.3,0.17,False,False,False,False,False,0.1579272054287477,0.4935225169648365,482.1999999999998,0.22926968429060474,97.24710792614863,0.0,19.22,151.3,65.1,stable,0.0
2014-03-12,2014-03-19,8,1575.8,195.8,61.1,3406.0,1.0254,1.0277,1.0294,0.0023,0.004,0.0016,2111.6,2113.0,2113.0,1.4,-0.09,True,False,False,False,False,0.15509582434319077,0.49701738799340023,535.8,0.2537412388709983,97.97630908978529,0.0,20.33,150.9,63.7,stable,0.0
2014-04-27,2014-04-30,4,1702.5,212.8,53.8,3857.0,1.03,1.0311,1.032,0.0011,0.0019,0.0008,2113.0,2112.0,2110.8,-2.1,-0.26,False,False,False,True,False,0.12640234948604992,0.4999706314243759,410.5,0.19427354472314246,125.20516496268569,0.0,20.65,150.6,62.1,stable,0.0
2014-05-28,2014-06-02,6,1520.5,195.0,60.7,5812.2,1.0318,1.0325,1.0329,0.0006,0.0011,0.0004,2111.1,2109.2,2106.9,-4.2,-1.05,True,True,False,False,True,0.15968431437027295,0.5129891483064781,590.5999999999999,0.27975936715456395,175.83259083571508,0.0,20.64,150.3,61.0,stable,0.0
2014-10-30,2014-11-01,3,1617.3,152.3,75.3,5187.0,1.0341,1.0346,1.0349,0.0005,0.0008,0.0003,2088.1,2086.0,2083.7,-4.3,0.83,False,False,True,False,True,0.18623631979224634,0.3766771780127373,470.79999999999995,0.2254681289210287,85.94378007356515,0.0,26.62,149.1,55.6,rising,1.0
2015-02-18,2015-02-23,6,1603.7,177.8,49.5,4702.2,1.0406,1.0431,1.0489,0.0025,0.0083,0.0058,2081.3,2083.0,2091.3,10.0,-0.19,True,False,False,True,True,0.12346448837064289,0.4434744652989961,477.60000000000014,0.22947196463748623,93.1421852152217,0.0,33.14,148.2,51.8,rising,1.0
2015-03-28,2015-03-30,3,1732.0,127.3,56.0,803.3,1.0497,1.0579,1.0659,0.0082,0.0162,0.008,2092.6,2106.0,2118.8,26.2,0.91,False,False,True,True,False,0.12933025404157045,0.2939953810623557,360.5999999999999,0.17232151390614542,51.15662224971465,0.0,32.86,147.9,50.5,stable,0.0
2015-05-29,2015-06-01,4,1556.8,186.8,60.5,3784.8,1.0797,1.0879,1.0967,0.0082,0.0169,0.0088,2140.8,2154.0,2168.0,27.1,0.66,False,False,False,False,False,0.1554470709146968,0.47995889003083253,584.0000000000002,0.27279521674140517,152.96704438102563,0.0,37.72,147.4,48.4,rising,1.0
2015-06-21,2015-07-03,13,1485.8,186.3,56.8,5853.9,1.091,1.102,1.1024,0.011,0.0114,0.0004,2158.9,2176.6,2173.4,14.5,-1.85,True,True,False,True,True,0.15291425494682997,0.5015479876160991,673.1000000000001,0.311779146787716,173.1146796424044,0.0,38.99,147.2,47.6,rising,1.0
2015-07-06,2015-07-08,3,1560.7,166.7,55.7,6521.3,1.0986,1.1049,1.1005,0.0063,0.002,-0.0044,2171.0,2180.3,2168.7,-2.3,-0.17,False,False,True,True,True,0.14275645543666304,0.42724418530146724,610.3,0.28111469368954395,80.46324212541609,0.0,36.33,147.1,47.0,rising,1.0
2015-07-25,2015-07-27,3,1614.0,218.0,62.3,7813.0,1.1038,1.1005,1.0851,-0.0033,-0.0187,-0.0154,2177.7,2168.0,2134.7,-43.0,1.24,False,False,False,False,True,0.1543990086741016,0.540272614622057,563.6999999999998,0.25885108141617297,74.70609078247904,0.0,36.08,147.0,46.4,stable,0.0
2015-08-24,2015-08-27,4,1599.8,191.0,86.0,3694.8,1.0884,1.067,1.0593,-0.0214,-0.0291,-0.0077,2141.7,2096.8,2078.3,-63.5,1.05,False,False,False,False,False,0.21502687835979498,0.47755969496187023,541.8999999999999,0.25302329924826067,102.75658940752494,0.0,38.28,146.7,45.4,stable,0.0
2015-08-29,2015-09-01,4,1548.0,183.0,74.8,5096.0,1.0829,1.0629,1.058,-0.02,-0.0249,-0.0049,2129.9,2087.5,2074.7,-55.2,2.77,False,True,False,False,True,0.19328165374677,0.4728682170542636,581.9000000000001,0.27320531480351196,128.73228033403277,0.0,37.67,146.7,45.2,stable,0.0
2015-09-04,2015-09-06,3,1644.7,191.7,84.3,4807.3,1.0762,1.0611,1.0568,-0.015,-0.0193,-0.0043,2115.6,2083.0,2071.6,-44.1,4.86,False,False,False,False,True,0.20502219249711193,0.46622484343649295,470.89999999999986,0.22258460956702586,103.04044513361409,0.0,36.94,146.6,45.0,stable,0.0
2015-10-08,2015-10-12,5,1668.0,159.2,91.2,4069.2,1.0566,1.0543,1.0475,-0.0024,-0.0092,-0.0068,2071.0,2063.2,2046.7,-24.3,-1.24,False,False,True,False,False,0.21870503597122304,0.38177458033573136,403.0,0.19459198454852727,114.30660523346846,0.0,47.12,146.4,43.8,rising,1.0
2015-10-14,2015-10-20,7,1636.9,203.1,62.1,4513.0,1.0556,1.0542,1.0415,-0.0014,-0.0142,-0.0127,2067.9,2061.7,2033.5,-34.4,-0.93,True,False,False,False,True,0.15175025963711894,0.4963039892479687,431.0,0.20842400502925673,105.89527621102617,0.0,46.63,146.3,43.6,rising,1.0
2015-10-24,2015-10-26,3,1623.3,192.0,68.0,4836.3,1.0545,1.0517,1.0367,-0.0028,-0.0178,-0.015,2063.9,2055.3,2023.1,-40.8,-1.09,False,False,False,False,True,0.16755990882769667,0.4731103308076141,440.60000000000014,0.21347933523911047,62.612565299094186,0.0,46.23,146.2,43.2,rising,1.0
2015-10-28,2015-10-31,4,1617.5,204.2,77.0,2353.8,1.0539,1.0476,1.0334,-0.0063,-0.0205,-0.0142,2062.1,2046.8,2015.8,-46.2,-0.73,False,False,False,False,False,0.19041731066460588,0.5049768160741885,444.5999999999999,0.2156054507540856,167.9573358524916,0.0,45.85,146.2,43.1,rising,1.0
2015-11-04,2015-11-07,4,1639.5,213.8,71.5,5678.2,1.0518,1.0398,1.0309,-0.012,-0.0209,-0.0089,2056.7,2030.0,2009.7,-47.0,0.07,False,False,False,False,True,0.17444342787435194,0.5216224458676426,417.1999999999998,0.20284922448582673,64.36614016701638,0.0,45.2,146.1,42.9,rising,1.0
2015-11-13,2015-11-16,4,1615.8,204.0,87.2,2910.2,1.0468,1.0323,1.0321,-0.0145,-0.0147,-0.0002,2045.2,2014.0,2010.4,-34.7,0.48,False,False,False,False,False,0.2158683005322441,0.5050129966580023,429.4000000000001,0.20995501662429106,53.93437370236783,0.0,45.16,146.1,42.6,rising,1.0
2015-12-02,2015-12-06,5,1723.2,204.8,83.6,3605.8,1.0329,1.0306,1.0558,-0.0023,0.0229,0.0252,2014.6,2007.0,2052.9,38.2,0.52,False,False,False,False,False,0.19405756731662022,0.4753946146703807,291.39999999999986,0.14464409808398684,53.52289229852961,0.0,46.04,145.9,41.9,rising,1.0
2015-12-26,2016-01-24,30,1390.1,175.9,68.3,3142.8,1.0391,1.0999,1.1386,0.0608,0.0995,0.0387,2022.4,2135.0,2207.4,185.0,-4.13,True,True,False,False,False,0.19653262355226242,0.5061506366448457,632.3000000000002,0.312648338607595,278.6676861610345,0.0,47.73,145.7,41.1,rising,1.0
2016-02-05,2016-03-15,40,1506.7,176.4,74.4,5078.6,1.1237,1.1246,1.0766,0.0009,-0.0471,-0.048,2179.8,2179.8,2086.5,-93.3,-5.59,True,True,False,False,True,0.19751775403199046,0.4683082232693967,673.1000000000001,0.3087897972291036,134.40871461368332,0.0,41.79,145.3,40.6,falling,-1.0
2016-03-17,2016-04-02,17,1581.0,180.8,77.7,6084.9,1.1175,1.0822,1.0653,-0.0353,-0.0523,-0.0169,2165.8,2097.3,2064.1,-101.7,-0.96,True,False,False,False,True,0.196584440227704,0.4574320050600886,584.8000000000002,0.2700156985871272,103.57002462102633,0.0,33.97,144.8,42.1,falling,-1.0
2016-04-04,2016-04-07,4,1631.2,190.5,82.8,6747.2,1.0909,1.0688,1.0649,-0.0222,-0.026,-0.0038,2114.2,2071.2,2063.2,-51.0,0.98,False,False,False,False,True,0.2030407062285434,0.46714075527219223,482.9999999999998,0.22845520764355304,62.53732218976654,0.0,31.52,144.5,42.8,falling,-1.0
2016-04-18,2016-04-20,3,1650.7,214.3,62.3,6442.7,1.0735,1.0633,1.0688,-0.0103,-0.0047,0.0055,2080.5,2060.7,2070.3,-10.2,2.53,False,False,False,False,True,0.150966256739565,0.519294844611377,429.79999999999995,0.20658495553953374,110.56370712549996,0.0,31.86,144.3,43.3,falling,-1.0
2016-05-13,2016-05-17,5,1637.6,196.4,75.8,6627.0,1.0656,1.0744,1.0867,0.0088,0.0211,0.0123,2064.4,2081.2,2104.9,40.5,-1.35,False,False,False,False,True,0.18514899853444064,0.4797264289203713,426.8000000000002,0.20674287928695997,137.08136270113454,0.0,36.29,144.0,44.3,falling,-1.0
2016-05-22,2016-05-24,3,1706.0,230.0,60.3,8151.3,1.0694,1.0814,1.0908,0.012,0.0214,0.0094,2071.4,2094.7,2112.9,41.5,-0.56,False,False,False,False,True,0.1413833528722157,0.5392731535756154,365.4000000000001,0.17640243313700882,65.39113089708727,0.0,35.23,143.9,44.6,stable,0.0
2016-09-01,2016-09-03,3,1696.0,187.0,101.3,8423.3,1.1533,1.1584,1.1352,0.0051,-0.0182,-0.0233,2232.8,2242.3,2196.5,-36.3,-2.12,False,False,False,False,True,0.23891509433962263,0.4410377358490566,536.8000000000002,0.24041562164098895,42.33202097703345,0.0,38.23,142.5,48.4,rising,1.0
2016-09-08,2016-09-11,4,1643.0,215.0,86.0,7540.5,1.1562,1.1526,1.1175,-0.0037,-0.0387,-0.035,2238.3,2230.2,2162.4,-75.9,-1.48,False,False,False,False,True,0.209373097991479,0.5234327449786975,595.3000000000002,0.26596077380154587,138.30642308536025,0.0,37.2,142.4,48.7,stable,0.0
2016-09-17,2016-09-23,7,1664.1,198.0,85.1,4969.3,1.1551,1.1348,1.0876,-0.0203,-0.0675,-0.0472,2235.7,2195.9,2104.5,-131.2,0.02,True,False,False,False,True,0.2045550147226729,0.47593293672255277,571.5999999999999,0.2556693652994588,104.81162240169833,0.0,36.1,142.3,49.0,stable,0.0
2016-11-16,2016-11-18,3,1659.7,177.0,90.7,3088.7,1.0424,1.0271,1.0231,-0.0153,-0.0192,-0.0039,2016.8,1986.3,1978.8,-38.0,1.09,False,False,False,False,False,0.21859372175694403,0.42658311743086097,357.0999999999999,0.17706267354224509,119.88466679827464,0.0,41.62,141.4,51.3,rising,1.0
2016-11-30,2016-12-05,6,1632.2,199.0,89.0,3247.0,1.0299,1.024,1.0198,-0.0059,-0.0101,-0.0041,1992.1,1980.3,1972.3,-19.8,1.79,True,False,False,False,False,0.21811052567087366,0.4876853326798186,359.89999999999986,0.18066362130415134,145.0646982096839,0.0,43.11,141.3,51.8,rising,1.0
2017-03-23,2017-03-26,4,1747.8,181.0,88.0,1568.0,1.1088,1.1515,1.1928,0.0428,0.0841,0.0413,2143.1,2224.8,2286.2,143.1,-1.61,False,False,False,False,False,0.20139604073692643,0.4142350383339055,395.29999999999995,0.18445242872474452,55.57202533649462,0.0,54.78,139.9,55.3,rising,1.0
2017-04-06,2017-04-08,3,1614.3,204.7,83.3,662.3,1.1437,1.1897,1.2137,0.046,0.0701,0.0241,2208.2,2277.0,2323.3,115.1,-0.34,False,False,False,False,False,0.20640525305085797,0.5072167502942452,593.8999999999999,0.268952087673218,26.00640946638604,0.0,52.97,138.6,54.0,rising,1.0
2017-04-28,2017-05-01,4,1738.2,218.0,94.5,3375.2,1.1963,1.2156,1.2406,0.0193,0.0443,0.025,2292.6,2338.8,2368.1,75.5,-0.15,False,False,False,False,False,0.21746634449430444,0.5016683925900357,554.3999999999999,0.24182151269301225,36.94477861168837,0.0,52.86,140.3,52.5,rising,1.0
2017-05-30,2017-06-02,4,1560.0,184.5,86.5,7074.8,1.2393,1.2366,1.2082,-0.0026,-0.031,-0.0284,2365.9,2372.5,2351.2,-14.7,-1.72,False,False,False,False,True,0.22179487179487178,0.47307692307692306,805.9000000000001,0.34063147216704004,85.53751613570894,0.0,53.39,139.2,52.1,stable,0.0
2017-08-23,2017-08-27,5,1664.8,158.6,101.6,4591.6,1.0758,1.0193,1.0139,-0.0565,-0.0619,-0.0053,2190.9,2073.0,2035.3,-155.6,0.67,False,False,True,False,True,0.24411340701585776,0.3810667948101874,526.1000000000001,0.2401296270938884,60.507850730297804,0.0,56.01,152.0,54.1,stable,0.0
2017-09-24,2017-10-01,8,1659.5,188.9,86.2,4203.6,1.0133,1.0281,1.0394,0.0148,0.0262,0.0114,2039.1,2030.1,2036.4,-2.7,-1.28,True,False,False,False,True,0.20777342573064175,0.45531786682735764,379.5999999999999,0.18616056103182774,144.22006993282375,0.0,56.74,145.6,55.4,rising,1.0
2017-10-05,2017-10-11,7,1548.0,70.9,114.7,7512.0,1.0189,1.0365,1.043,0.0176,0.0241,0.0065,2030.7,2034.1,2039.5,8.8,-0.85,True,True,True,False,True,0.2963824289405685,0.1832041343669251,482.70000000000005,0.2377012852710888,203.08618859981593,0.0,55.91,144.0,53.3,rising,1.0
2017-10-13,2017-10-15,3,1727.3,64.0,138.3,6278.3,1.0262,1.0388,1.0442,0.0126,0.018,0.0055,2031.1,2036.0,2040.8,9.7,-0.26,False,False,True,False,True,0.32026862733746314,0.1482081861865339,303.79999999999995,0.14957412239673082,42.524502740576914,0.0,55.06,144.3,51.4,rising,1.0
2017-10-27,2017-10-29,3,1768.7,78.3,112.7,3895.7,1.0372,1.0433,1.0468,0.0061,0.0096,0.0035,2034.8,2039.3,2045.3,10.4,0.65,False,False,True,False,False,0.25487646293888166,0.17707921071973765,266.0999999999999,0.13077452329467265,7.234178138070234,0.0,54.79,143.5,52.1,rising,1.0
2017-11-16,2017-11-18,3,1760.7,144.3,81.0,3135.7,1.0445,1.0476,1.0457,0.0031,0.0012,-0.0019,2041.1,2047.0,2048.2,7.1,0.55,False,False,True,False,False,0.18401772022491053,0.32782416084511845,280.39999999999986,0.13737690461025912,23.35237318418266,0.0,56.07,143.2,52.5,stable,0.0
2018-07-17,2018-07-23,7,1511.7,126.1,90.4,2974.7,1.0215,1.0324,1.0386,0.0109,0.0171,0.0062,2028.9,2032.9,2039.7,10.8,-0.41,True,True,True,False,False,0.23920089964940133,0.33366408678970694,517.2,0.25491645719355316,172.45068308139025,0.0,61.32,145.4,51.9,stable,0.0
2018-07-25,2018-07-29,5,1607.0,168.8,91.2,2943.6,1.0259,1.0374,1.0389,0.0116,0.013,0.0015,2030.3,2035.4,2041.9,11.6,0.72,False,False,True,False,False,0.2270068450528936,0.4201617921593031,423.29999999999995,0.2084913559572477,72.42582412371985,0.0,60.22,144.2,52.9,stable,0.0
2018-11-07,2018-11-09,3,1633.7,150.0,90.7,555.7,1.0324,1.0301,1.0276,-0.0023,-0.0048,-0.0025,2062.0,2065.0,2067.9,5.9,-0.67,False,False,True,False,False,0.22207259594784845,0.3672644916447328,428.29999999999995,0.20771096023278368,78.48779098263203,0.0,64.0,147.6,56.0,rising,1.0
2018-11-11,2018-11-14,4,1658.8,175.5,90.2,3928.2,1.0318,1.0294,1.0268,-0.0025,-0.0051,-0.0026,2062.8,2066.0,2068.5,5.7,-0.22,False,False,False,False,False,0.21750663129973477,0.4231974921630094,404.0000000000002,0.19585030056234254,61.98050768857362,0.0,63.6,147.8,56.1,stable,0.0
2019-01-30,2019-02-01,3,1643.7,130.3,72.3,2384.0,1.0179,1.0142,1.0098,-0.0037,-0.0081,-0.0044,2072.0,2072.0,2070.7,-1.3,0.14,False,False,True,False,False,0.17594451542252235,0.3170894932165237,428.29999999999995,0.2067084942084942,75.04887296511076,0.0,62.7,151.2,57.9,stable,0.0
2019-03-24,2019-03-26,3,1584.0,164.3,86.7,1874.3,1.0041,0.9987,0.9927,-0.0054,-0.0113,-0.006,2067.9,2064.7,2059.5,-8.4,0.11,False,False,True,False,False,0.21893939393939393,0.41489898989898993,483.9000000000001,0.23400551283911217,46.486557196677836,0.0,61.92,153.5,59.2,stable,0.0
2019-04-29,2019-05-13,15,1429.1,142.3,92.5,2863.1,0.9916,0.9826,0.9776,-0.0089,-0.014,-0.0051,2058.4,2048.7,2035.1,-23.3,-0.61,True,True,True,False,False,0.25890420544398574,0.39829263172626134,629.3000000000002,0.30572289156626514,134.0141072886767,0.0,62.61,155.0,60.0,stable,0.0
2019-06-30,2019-07-11,12,1328.8,138.7,74.0,3640.5,0.9728,0.9649,0.9537,-0.0079,-0.0191,-0.0112,2021.9,2001.4,1974.4,-47.6,-1.86,True,True,True,False,False,0.22275737507525586,0.41751956652618905,693.1000000000001,0.3427963796429102,114.37643855694098,0.08333333333333333,65.1,153.8,61.3,rising,1.0
2019-07-21,2019-07-26,6,1651.5,150.5,103.0,3439.7,0.9647,0.9558,0.9437,-0.0089,-0.021,-0.0121,2001.1,1979.3,1950.9,-50.2,0.31,True,False,True,False,False,0.24947017862549198,0.36451710566151985,349.5999999999999,0.1747039128479336,93.13806955268078,0.0,62.3,153.2,61.7,stable,0.0
2019-08-17,2019-08-19,3,1496.3,150.7,83.3,3285.7,0.9499,0.9382,0.9232,-0.0117,-0.0267,-0.015,1965.5,1938.3,1904.3,-61.2,0.2,False,True,True,False,False,0.22268261712223483,0.40286038895943327,469.20000000000005,0.2387178834902061,238.47291949681275,0.0,62.96,152.4,62.2,stable,0.0
2019-08-23,2019-08-25,3,1547.0,129.7,83.0,852.7,0.9458,0.9333,0.9171,-0.0125,-0.0288,-0.0163,1955.9,1927.0,1890.5,-65.4,0.2,False,True,True,False,False,0.21460892049127342,0.3353587588881706,408.9000000000001,0.2090597678817936,65.02307282803544,0.0,62.98,152.3,62.3,stable,0.0
2019-09-06,2019-09-15,10,1609.7,158.7,88.7,2861.6,0.9351,0.9164,0.8917,-0.0187,-0.0433,-0.0247,1931.1,1889.0,1834.6,-96.5,-0.11,True,False,True,False,False,0.2204137416909983,0.39435919736596875,321.39999999999986,0.1664336388586815,103.56967595670935,0.0,63.6,151.9,62.6,stable,0.0
2019-09-25,2019-09-29,5,1583.0,138.6,96.8,2338.4,0.9171,0.897,0.8709,-0.0201,-0.0461,-0.0261,1890.5,1846.0,1789.3,-101.2,0.81,False,False,True,False,False,0.24459886291850916,0.3502210991787745,307.5,0.16265538217402803,79.11384202527394,0.0,62.92,151.4,63.0,stable,0.0
2020-01-22,2020-01-24,3,1760.3,168.3,75.3,1187.0,1.0379,1.1022,1.1405,0.0643,0.1026,0.0383,2094.0,2221.0,2294.5,200.5,-1.85,False,False,True,False,False,0.17110719763676646,0.3824348122479123,333.70000000000005,0.15936007640878702,26.501572280401277,0.0,71.45,145.5,66.3,rising,1.0
2020-01-26,2020-01-31,6,1516.7,143.5,60.3,3308.5,1.0531,1.1195,1.1506,0.0664,0.0975,0.0311,2123.9,2254.5,2313.4,189.5,-1.81,True,True,True,False,False,0.1590294718797389,0.3784532208083339,607.2,0.2858891661565987,125.23364830055326,0.0,71.34,145.5,66.1,rising,1.0
2020-02-05,2020-02-07,3,1525.7,177.7,35.3,4612.0,1.0897,1.1393,1.1567,0.0496,0.067,0.0173,2195.9,2292.3,2324.3,128.4,-0.69,False,True,False,True,True,0.09254768303073997,0.4658845120272661,670.2,0.3052051550617059,245.56533414416077,0.0,69.62,145.5,65.5,rising,1.0
2020-02-24,2020-02-26,3,1702.3,205.3,78.0,3420.3,1.1405,1.1606,1.1546,0.0201,0.0141,-0.006,2294.5,2331.7,2316.5,21.9,-1.45,False,False,False,False,False,0.18328144275392116,0.4824061563766669,592.2,0.2580954456308564,62.50066666311115,0.0,69.03,145.5,64.4,rising,1.0
2020-03-06,2020-03-08,3,1499.3,133.0,82.0,2077.0,1.1545,1.1609,1.1411,0.0064,-0.0134,-0.0198,2320.5,2330.0,2287.4,-33.2,-2.22,False,True,True,False,False,0.21876875875408525,0.35483225505235777,821.2,0.3538892480068951,88.00189391901367,0.0,68.63,145.5,63.7,stable,0.0
2020-03-15,2020-03-20,6,1484.5,140.7,59.5,3015.5,1.1589,1.1522,1.116,-0.0066,-0.0428,-0.0362,2327.6,2310.8,2234.9,-92.7,-2.28,True,True,True,False,False,0.16032334119232064,0.3791175479959582,843.0999999999999,0.36221859426018216,99.27084164043337,0.0,67.48,145.5,63.2,stable,0.0
2020-03-30,2020-04-10,12,1590.2,144.2,62.2,6563.5,1.1528,1.1184,1.0518,-0.0344,-0.101,-0.0666,2312.5,2239.6,2102.6,-209.9,-2.15,True,False,True,False,True,0.15645830713117848,0.36272167023015967,722.3,0.31234594594594595,104.65799278863251,0.0,65.7,145.5,62.4,falling,-1.0
2020-04-14,2020-04-17,4,1667.2,194.5,71.0,8326.0,1.1299,1.0862,1.0307,-0.0437,-0.0993,-0.0556,2263.8,2173.2,2059.6,-204.3,-0.71,False,False,False,False,True,0.1703454894433781,0.4666506717850288,596.6000000000001,0.26353918190652886,16.580611166861935,0.0,63.35,145.5,61.5,falling,-1.0
2020-04-27,2020-04-29,3,1703.0,175.7,65.0,5760.7,1.0966,1.0419,1.0064,-0.0547,-0.0902,-0.0355,2194.6,2082.0,2010.7,-184.0,0.88,False,False,False,False,True,0.15267175572519084,0.41268349970640045,491.5999999999999,0.2240043743734621,100.58329881247681,0.0,62.48,145.5,60.7,falling,-1.0
2020-05-04,2020-05-08,5,1696.8,194.4,66.6,4714.4,1.0746,1.0171,1.0027,-0.0575,-0.0719,-0.0144,2149.4,2031.2,2003.9,-145.5,2.3,False,False,False,False,True,0.15700141442715698,0.4582743988684583,452.60000000000014,0.21057039173722905,88.6972378374885,0.0,62.29,145.5,60.3,falling,-1.0
2021-01-13,2021-01-15,3,1669.7,130.0,78.0,1179.0,1.0115,1.0165,1.0421,0.005,0.0306,0.0256,2038.4,2050.0,2102.8,64.4,1.59,False,False,True,False,False,0.1868599149547823,0.31143319159130384,368.70000000000005,0.18087715855573,110.73090505063766,0.0,70.03,145.6,66.5,rising,1.0
2021-02-13,2021-02-15,3,1710.3,143.7,61.3,859.3,1.0384,1.074,1.0888,0.0356,0.0504,0.0148,2095.1,2168.3,2199.5,104.4,-0.57,False,False,True,False,False,0.14336666081973923,0.3360813892299596,384.79999999999995,0.18366665075652713,43.408908455907216,0.0,72.47,145.6,67.3,rising,1.0
2021-10-26,2021-10-29,4,1624.0,164.5,79.8,1721.2,1.0984,1.0902,1.0387,-0.0081,-0.0596,-0.0515,2208.3,2189.8,2084.3,-124.1,-1.63,False,False,True,False,False,0.19655172413793104,0.4051724137931034,584.3000000000002,0.26459267309695245,120.06387189047892,0.0,73.09,143.6,70.1,stable,0.0
2021-10-31,2021-11-05,6,1603.0,169.3,70.5,2194.3,1.1001,1.0696,1.0298,-0.0304,-0.0702,-0.0398,2211.1,2147.8,2065.5,-145.5,-0.71,True,False,True,False,False,0.17592014971927636,0.4224578914535247,608.0999999999999,0.27502148252001263,92.97526552798868,0.0,72.37,143.6,70.1,stable,0.0
2021-11-12,2021-11-15,4,1650.5,165.8,76.0,3683.2,1.0833,1.0298,1.032,-0.0535,-0.0513,0.0022,2175.9,2066.2,2068.6,-107.3,0.92,False,False,True,False,False,0.18418661011814602,0.4018176310209028,525.4000000000001,0.24146330254147713,14.341083176199302,0.0,71.13,143.5,69.9,stable,0.0
2022-03-24,2022-04-04,12,1593.6,168.8,81.7,4270.2,1.0996,1.1707,1.2441,0.0711,0.1446,0.0735,2191.2,2330.1,2473.0,281.9,-3.22,True,False,True,False,True,0.20507028112449802,0.4236947791164659,597.5999999999999,0.2727272727272727,79.71250424703351,0.0,75.36,142.5,67.6,stable,0.0
2022-04-06,2022-04-08,3,1623.3,150.7,77.0,3322.3,1.1379,1.2102,1.2509,0.0722,0.1129,0.0407,2266.0,2407.0,2485.9,219.9,-1.84,False,False,True,False,False,0.1897369555843036,0.3713423273578513,642.7,0.2836275375110327,69.28443788711382,0.0,72.79,142.4,67.4,stable,0.0
2022-04-11,2022-04-17,7,1559.1,158.6,82.0,2812.7,1.1577,1.2326,1.2457,0.0749,0.088,0.0131,2304.5,2450.9,2474.3,169.8,-1.15,True,False,True,False,False,0.21037778205374896,0.40690141748444614,745.4000000000001,0.32345411152093734,76.964122748695,0.0,71.92,142.3,67.3,stable,0.0
2022-05-08,2022-05-10,3,1476.7,196.0,26.3,4765.7,1.2496,1.2461,1.1226,-0.0035,-0.127,-0.1235,2483.5,2474.3,2219.5,-264.0,-1.8,False,True,False,True,True,0.0712399268639534,0.530913523396763,1006.8,0.40539561103281657,260.0660172597207,0.0,70.26,142.1,66.9,falling,-1.0
2022-10-10,2022-10-18,9,1728.1,185.4,97.3,1736.7,0.9729,1.0721,1.1538,0.0992,0.1809,0.0817,1950.4,2145.3,2310.8,360.4,1.1,True,False,False,False,False,0.2252184480064811,0.4291418320699034,222.30000000000018,0.11397662018047588,47.30603673011628,0.0,72.53,142.4,71.1,rising,1.0
2022-11-13,2022-11-17,5,1586.4,214.2,24.8,2460.4,1.1353,1.1934,1.1438,0.0581,0.0085,-0.0496,2273.3,2391.4,2293.3,20.0,-0.82,False,False,False,True,False,0.06253151790216843,0.540090771558245,686.9000000000001,0.3021598557163595,107.50953446090259,0.0,73.78,142.5,71.7,rising,1.0
2022-11-19,2022-11-21,3,1554.0,204.3,23.7,2963.0,1.157,1.1866,1.1346,0.0296,-0.0224,-0.052,2317.3,2378.0,2275.1,-42.2,0.63,False,False,False,True,False,0.061003861003861,0.5258687258687259,763.3000000000002,0.32939196478660515,160.47741274085897,0.0,72.43,142.5,71.8,rising,1.0
2023-01-01,2023-01-03,3,1587.0,181.3,74.7,6304.7,1.1255,1.1543,1.1502,0.0288,0.0247,-0.0041,2257.7,2316.7,2310.0,52.3,-1.97,False,False,False,False,True,0.1882797731568998,0.4569628229363579,670.6999999999998,0.29707224166186824,191.78894650109532,0.0,76.8,142.7,72.5,rising,1.0
2023-03-01,2023-03-04,4,1739.2,171.5,92.0,3947.5,1.0295,0.9933,1.0183,-0.0362,-0.0111,0.025,2069.4,1998.0,2049.6,-19.8,1.34,False,False,False,False,False,0.21159153633854647,0.39443422263109473,330.20000000000005,0.15956315840340196,38.35253142449226,0.0,76.45,142.8,73.5,rising,1.0
2023-05-10,2023-05-14,5,1681.0,191.4,78.4,4984.0,1.0618,1.0616,1.1212,-0.0002,0.0593,0.0596,2139.9,2141.2,2262.4,122.5,-0.59,False,False,False,False,True,0.18655562165377754,0.45544318857822724,458.9000000000001,0.2144492733305295,67.30898899849856,0.0,79.96,143.0,74.7,rising,1.0
2023-08-23,2023-08-25,3,1674.0,304.0,28.0,6080.0,1.1699,1.0983,1.0713,-0.0716,-0.0986,-0.0271,2366.7,2223.0,2169.8,-196.9,1.79,False,False,False,True,True,0.06690561529271206,0.7264038231780168,692.6999999999998,0.29268601850678155,0.0,0.0,77.15,143.3,76.4,stable,0.0
