com.samsung.shealth.sleep,6060029,2
com.samsung.health.sleep.datauuid,efficiency,original_efficiency,original_bed_time,has_sleep_data,com.samsung.health.sleep.pkg_name,com.samsung.health.sleep.create_time,com.samsung.health.sleep.time_offset,com.samsung.health.sleep.end_time,com.samsung.health.sleep.custom,original_wake_up_time,quality,com.samsung.health.sleep.deviceuuid,extra_data,com.samsung.health.sleep.start_time,com.samsung.health.sleep.update_time,com.samsung.health.sleep.comment
1b5b5109-1a77-410d-b07c-c9448b3819db,0.0,,,,com.sec.android.app.shealth,1547662377583,UTC-0400,1547656200000,,,0,Mz5pMh3q+T,,1547628600000,1547662377583,
8e2c0a24-ab43-4c2a-a5fd-9a3c05d57554,0.0,,,,com.sec.android.app.shealth,1548777254751,UTC-0400,1548774000000,,,0,Mz5pMh3q+T,,1548750000000,1548777254751,
c174c49b-1cd8-44be-b47f-f5fc61caee63,0.0,,,,com.sec.android.app.shealth,1538234426221,UTC-0300,1538228400000,,,0,Mz5pMh3q+T,,1538188800000,1538234426221,
56520fa9-c197-8b5e-c140-a13c735f6cf4,95.83333,,,1,com.sec.android.app.shealth,1480807940244,UTC-0400,1480807020000,,,,PEzvKidhug,,1480802760000,1480807940244,
d0f82a32-1e25-4dc7-a4f9-33f939eff5ba,0.0,,,,com.sec.android.app.shealth,1551367622420,UTC-0400,1551356400000,,,0,Mz5pMh3q+T,,1551335400000,1551367622420,
51a998af-db3d-47a8-9257-54bdc6b1147b,0.0,,,,com.sec.android.app.shealth,1546107076301,UTC-0400,1546097400000,,,0,Mz5pMh3q+T,,1546061400000,1546107076301,
cedf5f94-14af-433f-a5cf-a84e1454ed99,0.0,,,,com.sec.android.app.shealth,1547047048634,UTC-0400,1547047047304,,,0,Mz5pMh3q+T,,1547020200000,1547047048634,
c0551ab0-eaa9-901e-297d-b0dd3487c691,70.32967,,,1,com.sec.android.app.shealth,1488915371248,UTC-0500,1488914460000,,,,PEzvKidhug,,1488909060000,1488915371248,
5669c2c4-ce2a-4b6b-7044-f16aa9e93a56,98.1982,,,1,com.sec.android.app.shealth,1490745901752,UTC-0300,1490745480000,,,,PEzvKidhug,,1490732220000,1490745901752,
9044b342-e41a-4d2f-b37d-bb87f3a9be15,0.0,,,,com.sec.android.app.shealth,1506467671413,UTC-0300,1506345600000,,,0,EHdtKydEi4,,1506315600000,1506467671413,
5d3c0396-c98c-489f-adaf-e30a76811edc,0.0,,,,com.sec.android.app.shealth,1555951320210,UTC-0300,1555941600000,,,0,4V/TlqPcbG,,1555912200000,1555951320210,
abbe3128-089d-4a4f-a337-92d5e25334a9,0.0,,,,com.sec.android.app.shealth,1515681725777,UTC-0400,1515681000000,,,0,EHdtKydEi4,,1515658200000,1515681725777,
bac9c15c-c0bf-4893-bbbc-af966e8ff2b9,0.0,,,,com.sec.android.app.shealth,1510930633195,UTC-0400,1510929600000,,,0,EHdtKydEi4,,1510903800000,1510930633195,
8defdec7-c7fe-41bb-89e3-cbd8d62ad44a,0.0,,,,com.sec.android.app.shealth,1506467681313,UTC-0300,1506262200000,,,0,EHdtKydEi4,,1506228000000,1506467681313,
d789727e-4807-4f57-85cb-1df5b65b6732,0.0,,,,com.sec.android.app.shealth,1551711611786,UTC-0400,1551711600000,,,0,Mz5pMh3q+T,,1551682200000,1551711611786,
ee2ff926-3ba3-4b3a-886a-40e8767b7bbb,0.0,,,,com.sec.android.app.shealth,1565965203085,UTC-0300,1565960400000,,,0,4V/TlqPcbG,,1565927400000,1565965203085,
5710a4d9-f6dc-4f6d-845f-828d092d61b0,0.0,,,,com.sec.android.app.shealth,1542650457588,UTC-0400,1542642600000,,,0,Mz5pMh3q+T,,1542617400000,1542650457588,
0557dc35-9561-4c0b-b5b4-280a66cb18a6,0.0,,,,com.sec.android.app.shealth,1563120991353,UTC-0300,1563113400000,,,0,4V/TlqPcbG,,1563084000000,1563120991353,
632358f8-8e2b-aca5-6f78-3bbab3207dd8,95.03546,,,1,com.sec.android.app.shealth,1516842456357,UTC-0400,1516841580000,,,,PEzvKidhug,,1516833180000,1516842456357,
2cc21a83-1448-2557-ed3e-d9ff726f15fb,94.214874,,,1,com.sec.android.app.shealth,1524962046393,UTC-0300,1524961140000,,,,PEzvKidhug,,1524953940000,1524962046393,
8d6bf905-8e82-4bff-bdb7-179dacdead46,0.0,,,,com.sec.android.app.shealth,1547737433727,UTC-0400,1547737200000,,,0,Mz5pMh3q+T,,1547704800000,1547737433727,
6bf05a01-1c65-72c1-4298-f617f3a96358,93.589745,,,1,com.sec.android.app.shealth,1507576153277,UTC-0300,1507575240000,,,,PEzvKidhug,,1507570620000,1507576153277,
47b0efe9-58e9-47cd-88bb-2bd22b79a6ea,0.0,,,,com.sec.android.app.shealth,1545158883206,UTC-0400,1545147600000,,,0,Mz5pMh3q+T,,1545120000000,1545158883206,
041f58cf-6c0b-6bce-fb64-d7fedb25b088,97.637794,,,1,com.sec.android.app.shealth,1518148770336,UTC-0400,1518147900000,,,,PEzvKidhug,,1518140340000,1518148770336,
9bde98a0-f646-619e-667d-f6b807e3b369,91.37931,,,1,com.sec.android.app.shealth,1521608823796,UTC-0300,1521607920000,,,,PEzvKidhug,,1521601020000,1521608823796,
9801f993-94cb-3c71-50f1-b3a8d05708b2,98.305084,,,1,com.sec.android.app.shealth,1507703090277,UTC-0300,1507702200000,,,,PEzvKidhug,,1507691640000,1507703090277,
7078bb3e-f98f-80bc-577e-218d941e7c9f,97.5,,,1,com.sec.android.app.shealth,1488356062266,UTC-0400,1488355140000,,,,PEzvKidhug,,1488348000000,1488356062266,
fa073e37-4089-49f1-bbdf-b6e8ecce0d2e,0.0,,,,com.sec.android.app.shealth,1562338078201,UTC-0300,1562328000000,,,0,4V/TlqPcbG,,1562303400000,1562338078201,
b4ea9ba7-dc17-4e5a-addf-c194215aa1c6,0.0,,,,com.sec.android.app.shealth,1488988029647,UTC-0500,1488540000000,,,0,Q2GTsbBv8Q,,1488520200000,1488988029647,
e2ce4d5e-0024-ff70-0bd5-625a36bb57d4,95.789474,,,1,com.sec.android.app.shealth,1507586982253,UTC-0300,1507586100000,,,,PEzvKidhug,,1507580460000,1507586982253,
5c80c4f5-6f5b-44b4-bb83-36b80f629f23,0.0,,,,com.sec.android.app.shealth,1506525673458,UTC-0300,1506525600000,,,0,EHdtKydEi4,,1506497400000,1506525673458,
85eab275-ab01-4334-9e16-1936f6aa584d,0.0,,,,com.sec.android.app.shealth,1558456163191,UTC-0300,1558452600000,,,0,4V/TlqPcbG,,1558428600000,1558456163191,
c51840f1-810a-4233-9cfe-5ea9000b62b0,0.0,,,,com.sec.android.app.shealth,1507149348664,UTC-0300,1507125000000,,,0,EHdtKydEi4,,1507104000000,1507149348664,
795a94cd-1bbf-403b-bf61-b3c51f76f9e2,0.0,,,,com.sec.android.app.shealth,1506881020456,UTC-0300,1506785400000,,,0,EHdtKydEi4,,1506755400000,1506881020456,
7bc3bceb-3ee6-cdc2-9fcd-2a1f00a8f463,96.51163,,,1,com.sec.android.app.shealth,1488978061259,UTC-0500,1488977160000,,,,PEzvKidhug,,1488961740000,1488978061259,
ebb088fa-9ced-4df4-b942-278f2d618dbb,0.0,,,,com.sec.android.app.shealth,1564581644062,UTC-0300,1564581600000,,,0,4V/TlqPcbG,,1564558800000,1564581644062,
4d4e5679-e052-43a2-be5a-f99c40e1d5da,0.0,,,,com.sec.android.app.shealth,1556484419022,UTC-0300,1556460600000,,,0,4V/TlqPcbG,,1556432400000,1556484419022,
3b72ecbf-e8d9-4b8f-996e-a7f8fddd2233,0.0,,,,com.sec.android.app.shealth,1562249066649,UTC-0300,1562242200000,,,0,4V/TlqPcbG,,1562215800000,1562249066649,
32ca0228-18fa-4836-b6b5-d281946b770f,0.0,,,,com.sec.android.app.shealth,1566224369993,UTC-0300,1566223200000,,,0,4V/TlqPcbG,,1566195000000,1566224369993,
974f594f-a387-43a4-a337-5af2001c504f,0.0,,,,com.sec.android.app.shealth,1484869966549,UTC-0400,1484234400000,,,0,Q2GTsbBv8Q,,1484208600000,1484869966549,
f13340f0-fab1-4327-b745-b02437404c72,0.0,,,,com.sec.android.app.shealth,1549553977047,UTC-0400,1549553971752,,,0,Mz5pMh3q+T,,1549526400000,1549553977047,
a5cd2ebc-d8a0-d918-c3f3-1ed8a1a6df47,83.0,,,1,com.sec.android.app.shealth,1562367692338,UTC+0400,1559915700000,,,,PEzvKidhug,a5cd2ebc-d8a0-d918-c3f3-1ed8a1a6df47.extra_data.json,1559911620000,1562367692338,
0bae7ab7-aaa9-627d-b347-a9bec3b65adb,98.5,,,1,com.sec.android.app.shealth,1504580021306,UTC-0300,1504579140000,,,,PEzvKidhug,,1504567200000,1504580021306,
1073bb8c-1fc4-c54c-553d-7c586796a5c5,95.454544,,,1,com.sec.android.app.shealth,1520266989342,UTC-0400,1520266080000,,,,PEzvKidhug,,1520262180000,1520266989342,
d9940508-7bde-49f0-acd2-ba6718c40feb,0.0,,,,com.sec.android.app.shealth,1488988034234,UTC-0500,1488464400000,,,0,Q2GTsbBv8Q,,1488439200000,1488988034234,
e81d4b70-2c29-4560-b00a-330acf951311,0.0,,,,com.sec.android.app.shealth,1558123719618,UTC-0300,1558107600000,,,0,4V/TlqPcbG,,1558085400000,1558123719618,
6595c488-8e0c-4d3b-907c-19cc87264eb0,0.0,,,,com.sec.android.app.shealth,1522969093313,UTC-0300,1522937400000,,,0,9wVta8KBzt,,1522915200000,1522969093313,
9d32d634-0eea-4fb1-b44b-2eba2df1c79b,0.0,,,,com.sec.android.app.shealth,1506467666687,UTC-0300,1506432600000,,,0,EHdtKydEi4,,1506406800000,1506467666687,
1bbf2e3f-5d0d-40d2-a0e8-d5550ced7ae2,0.0,,,,com.sec.android.app.shealth,1505771272772,UTC-0300,1505660400000,,,0,EHdtKydEi4,,1505631600000,1505771272772,
1c494656-c1c1-4501-abcf-fa916428b99f,0.0,,,,com.sec.android.app.shealth,1513807315355,UTC-0400,1513786200000,,,0,EHdtKydEi4,,1513746600000,1513807315355,
fcbbd2f0-9373-4c06-9a12-0c272337ed7e,0.0,,,,com.sec.android.app.shealth,1543164465724,UTC-0400,1543164459795,,,0,Mz5pMh3q+T,,1543121400000,1543164465724,
b5e5e9f7-dd32-4b29-8e1e-3ab7268dbb19,0.0,,,,com.sec.android.app.shealth,1484869951188,UTC-0400,1484408400000,,,0,Q2GTsbBv8Q,,1484373600000,1484869951188,
4b64bd27-f7b0-4db9-901a-88752f251e1b,0.0,,,,com.sec.android.app.shealth,1506467685954,UTC-0300,1506184200000,,,0,EHdtKydEi4,,1506146400000,1506467685954,
89e66456-a15c-4798-be1b-56a7f31d9380,0.0,,,,com.sec.android.app.shealth,1542125928093,UTC-0400,1542121200000,,,0,Mz5pMh3q+T,,1542098400000,1542125928093,
4fd283ca-e76a-4c30-8ec7-9cb3019d8678,0.0,,,,com.sec.android.app.shealth,1488988026077,UTC-0500,1488636000000,,,0,Q2GTsbBv8Q,,1488609000000,1488988026077,
71c95ea9-0c64-433d-a8f4-d431faa76355,0.0,,,,com.sec.android.app.shealth,1555687999673,UTC-0300,1555681800000,,,0,4V/TlqPcbG,,1555655400000,1555687999673,
e93c98ba-896c-f2ae-6608-357dfe7fd89b,97.560974,,,1,com.sec.android.app.shealth,1507523758280,UTC-0300,1507522860000,,,,PEzvKidhug,,1507515540000,1507523758280,
4e1f66e9-789c-0d43-21b2-81bc88dd4bd5,94.565216,,,1,com.sec.android.app.shealth,1507071622609,UTC-0300,1507071600000,,,,PEzvKidhug,,1507066080000,1507071622609,
fa839d0b-cb06-4bf3-baae-52cd3cd8510d,0.0,,,,com.sec.android.app.shealth,1556981843722,UTC-0300,1556974800000,,,0,4V/TlqPcbG,,1556952600000,1556981843722,
3b3704dd-46b4-4af7-b38b-9fd91eddec6a,0.0,,,,com.sec.android.app.shealth,1562162584859,UTC-0300,1562155200000,,,0,4V/TlqPcbG,,1562125200000,1562162584859,
c9457fae-d504-7811-b996-ab9767f8a212,96.51163,,,1,com.sec.android.app.shealth,1508046739779,UTC-0300,1508045640000,,,,PEzvKidhug,,1508040480000,1508046739779,
a6156f4c-349e-9e49-fbf2-e1115b73dda9,97.391304,,,1,com.sec.android.app.shealth,1515898008490,UTC-0400,1515897120000,,,,PEzvKidhug,,1515890280000,1515898008490,
b1d53361-7e78-400e-a5c3-a876bd871459,0.0,,,,com.sec.android.app.shealth,1492027573917,UTC-0300,1492008600000,,,0,Q2GTsbBv8Q,,1491983400000,1492027573917,
66a6601f-fb58-4579-98df-1a65441b5474,0.0,,,,com.sec.android.app.shealth,1506467700366,UTC-0300,1505918400000,,,0,EHdtKydEi4,,1505889000000,1506467700366,
c285a35e-c919-5a6f-f529-a00b7c751cfd,93.44263,,,1,com.sec.android.app.shealth,1526069571658,UTC-0300,1526069160000,,,,PEzvKidhug,,1526065560000,1526069571658,
a6d03c9d-3dc8-424b-8e68-112d18326bd6,0.0,,,,com.sec.android.app.shealth,1561802799412,UTC+0400,1561792200000,,,0,4V/TlqPcbG,,1561768800000,1561802799412,
5f90a9ab-7c5d-44a8-a9bb-d7eced978539,0.0,,,,com.sec.android.app.shealth,1517027084375,UTC-0400,1516895400000,,,0,EHdtKydEi4,,1516868400000,1517027084375,
f0201b6b-024e-4a1e-b64f-adf1626160b9,0.0,,,,com.sec.android.app.shealth,1506467692352,UTC-0300,1506082800000,,,0,EHdtKydEi4,,1506060000000,1506467692352,
57e39211-0df1-4468-a039-36523438b673,0.0,,,,com.sec.android.app.shealth,1546013503859,UTC-0400,1546013502018,,,0,Mz5pMh3q+T,,1545994200000,1546013503859,
77f5733b-c543-4086-a438-d7ccadf956f2,0.0,,,,com.sec.android.app.shealth,1542037609904,UTC-0400,1542033600000,,,0,Mz5pMh3q+T,,1542009000000,1542037609904,
b39389e2-89b6-afb7-ebaa-26ddfeb097ae,96.694214,,,1,com.sec.android.app.shealth,1520933414314,UTC-0300,1520932500000,,,,PEzvKidhug,,1520925300000,1520933414314,
87cc9072-15be-43f4-bccb-9220da282b1b,0.0,,,,com.sec.android.app.shealth,1484869940228,UTC-0400,1484585400000,,,0,Q2GTsbBv8Q,,1484553600000,1484869940228,
8687380d-ce57-6cb2-4818-e8b3a7e2bee3,99.21875,,,1,com.sec.android.app.shealth,1507017257546,UTC-0300,1507016340000,,,,PEzvKidhug,,1506985680000,1507017257546,
08b5255a-27ca-4f34-a4d6-617e67c828bc,0.0,,,,com.sec.android.app.shealth,1561029500014,UTC+0400,1561016400000,,,0,4V/TlqPcbG,,1560991800000,1561029500014,
1c0237a4-0bd0-46fb-9086-b2e200a2f99f,0.0,,,,com.sec.android.app.shealth,1520565002423,UTC-0400,1520520600000,,,0,EHdtKydEi4,,1520496600000,1520565002423,
2685f316-3600-4413-a56e-f7f2a318dbe1,0.0,,,,com.sec.android.app.shealth,1558024010262,UTC-0300,1558018200000,,,0,4V/TlqPcbG,,1557996000000,1558024010262,
15fc1e3a-0d9e-4e9f-9c18-46b0965491bf,0.0,,,,com.sec.android.app.shealth,1554732009118,UTC-0300,1554731400000,,,0,4V/TlqPcbG,,1554709200000,1554732009118,
ab9f0e55-827f-42fa-8c66-d702445e02d9,0.0,,,,com.sec.android.app.shealth,1545409967449,UTC-0400,1545409963421,,,0,Mz5pMh3q+T,,1545381000000,1545409967449,
801a45bf-d032-6d77-959e-343daae5d7e7,97.52066,,,1,com.sec.android.app.shealth,1507761398283,UTC-0300,1507760520000,,,,PEzvKidhug,,1507753320000,1507761398283,
cbde298c-dc0b-3d2f-fc68-0264be958432,98.73418,,,1,com.sec.android.app.shealth,1504681851320,UTC-0300,1504680960000,,,,PEzvKidhug,,1504666800000,1504681851320,
5b3f2e09-493b-4f35-abc9-17fc1d513862,0.0,,,,com.sec.android.app.shealth,1562777680326,UTC-0300,1562765400000,,,0,4V/TlqPcbG,,1562742000000,1562777680326,
bc79bfe4-d529-4f4f-8a90-cf8026eda456,0.0,,,,com.sec.android.app.shealth,1558620533300,UTC-0300,1558618800000,,,0,4V/TlqPcbG,,1558592400000,1558620533300,
3241b997-d549-40a8-9f67-95646eeb4937,0.0,,,,com.sec.android.app.shealth,1506880995972,UTC-0300,1506871200000,,,0,EHdtKydEi4,,1506843600000,1506880995972,
a0cc0270-af29-5189-9d66-0569466328bf,97.52066,,,1,com.sec.android.app.shealth,1504737128285,UTC-0300,1504736220000,,,,PEzvKidhug,,1504729020000,1504737128285,
79aa7850-35b1-4c32-9501-acd8ac7cc670,0.0,,,,com.sec.android.app.shealth,1539700295086,UTC-0300,1539690000000,,,0,Mz5pMh3q+T,,1539663600000,1539700295086,
03f48652-221e-8bc3-3398-1fce446e1e38,97.65625,,,1,com.sec.android.app.shealth,1507413040022,UTC-0300,1507412160000,,,,PEzvKidhug,,1507404540000,1507413040022,
7090bfd9-719c-4783-8a12-6b7815c30682,0.0,,,,com.sec.android.app.shealth,1556373935619,UTC-0300,1556371200000,,,0,4V/TlqPcbG,,1556346000000,1556373935619,
2abd8925-6275-5bdf-1cfd-4b3928b144e0,96.62921,,,1,com.sec.android.app.shealth,1504745287265,UTC-0300,1504744380000,,,,PEzvKidhug,,1504739100000,1504745287265,
8e2d79c9-9f47-42d3-93b7-867e902f5e50,0.0,,,,com.sec.android.app.shealth,1551123058716,UTC-0400,1551112200000,,,0,Mz5pMh3q+T,,1551081000000,1551123058716,
2f546bb2-af38-4fe6-8297-2c18f9c654b8,0.0,,,,com.sec.android.app.shealth,1542299235772,UTC-0400,1542293400000,,,0,Mz5pMh3q+T,,1542269400000,1542299235772,
1ddd0dc8-815f-4e3c-8c88-aa0e12a4a805,0.0,,,,com.sec.android.app.shealth,1546630248520,UTC-0400,1546616400000,,,0,Mz5pMh3q+T,,1546591200000,1546630248520,
298ee05d-97e0-49b9-a02d-8cc9d8a3a4f0,0.0,,,,com.sec.android.app.shealth,1521999961479,UTC-0300,1521898800000,,,0,EHdtKydEi4,,1521873600000,1521999961479,
1173f7f9-23bb-43e1-bb84-055d926beea4,0.0,,,,com.sec.android.app.shealth,1563205302273,UTC-0300,1563196800000,,,0,4V/TlqPcbG,,1563172800000,1563205302273,
a18077c1-cac0-ce66-f450-ec0bafa2ce38,95.726494,,,1,com.sec.android.app.shealth,1508469371777,UTC-0300,1508468460000,,,,PEzvKidhug,,1508461500000,1508469371777,
9c5234ab-15b4-48b3-9f0d-5d59b310cee4,0.0,,,,com.sec.android.app.shealth,1557762827876,UTC-0300,1557753000000,,,0,4V/TlqPcbG,,1557730200000,1557762827876,
bad316d1-2ea1-4c42-81b9-9cea32a88887,0.0,,,,com.sec.android.app.shealth,1484869958795,UTC-0400,1484319000000,,,0,Q2GTsbBv8Q,,1484288400000,1484869958795,
e24c2768-8515-4505-acfe-1ba91fbf7c21,0.0,,,,com.sec.android.app.shealth,1549818252240,UTC-0400,1549818248946,,,0,Mz5pMh3q+T,,1549788600000,1549818252240,
351ce644-6e2b-5f79-beeb-a4b36f8e6e38,0.0,,,1,com.sec.android.app.shealth,1488245285270,UTC-0400,1488238140000,,,,PEzvKidhug,,1488237780000,1488245285270,
c338327a-6308-499b-b84f-4ff26b95b9ef,0.0,,,,com.sec.android.app.shealth,1545934587902,UTC-0400,1545925800000,,,0,Mz5pMh3q+T,,1545901200000,1545934587902,
7e7ae5ce-b75f-4607-9d9f-adf02bb4e3d0,0.0,,,,com.sec.android.app.shealth,1484869919356,UTC-0400,1484669400000,,,0,Q2GTsbBv8Q,,1484642400000,1484869919356,
512e3786-614d-4438-bc8d-16d362fc92a1,0.0,,,,com.sec.android.app.shealth,1505771266563,UTC-0300,1505746200000,,,0,EHdtKydEi4,,1505718600000,1505771266563,
1d5f1e4c-ce13-4d56-a400-085aa6d95318,0.0,,,,com.sec.android.app.shealth,1559056718022,UTC-0300,1559056716592,,,0,4V/TlqPcbG,,1559020800000,1559056718022,
32482360-480f-f3f4-8dab-e4afc976a345,97.08738,,,1,com.sec.android.app.shealth,1520710704345,UTC-0400,1520710320000,,,,PEzvKidhug,,1520704200000,1520710704345,
bb4a012c-2756-48a6-8c74-b28b2cdf8811,0.0,,,,com.sec.android.app.shealth,1542553895149,UTC-0400,1542552000000,,,0,Mz5pMh3q+T,,1542525600000,1542553895149,
fc069a4f-5f0e-46ad-a86d-9eab1b73a2bc,0.0,,,,com.sec.android.app.shealth,1558361139829,UTC-0300,1558361133361,,,0,4V/TlqPcbG,,1558335000000,1558361139829,
54972332-0a58-4cfa-a7cf-208203b2a739,0.0,,,,com.sec.android.app.shealth,1484869980046,UTC-0400,1483978200000,,,0,Q2GTsbBv8Q,,1483951200000,1484869980046,
db1c7588-ae4c-fe7d-bab2-6fecee69bfe6,90.69768,,,1,com.sec.android.app.shealth,1513660722835,UTC-0400,1513659840000,,,,PEzvKidhug,,1513654740000,1513660722835,
ef059628-7a25-4b17-be76-ae7d3768f2bd,0.0,,,,com.sec.android.app.shealth,1560763185575,UTC+0400,1560757800000,,,0,4V/TlqPcbG,,1560732600000,1560763185575,
7ea64358-13d0-4bfb-b575-01fe43b3d496,0.0,,,,com.sec.android.app.shealth,1492027593760,UTC-0300,1491837600000,,,0,Q2GTsbBv8Q,,1491812400000,1492027593760,
45601296-d450-456e-8f86-7d4bbba8eb3b,0.0,,,,com.sec.android.app.shealth,1521999956254,UTC-0300,1521987000000,,,0,EHdtKydEi4,,1521954000000,1521999956254,
69f62acc-355d-1616-5709-5ef919ce7116,90.909096,,,1,com.sec.android.app.shealth,1488344454370,UTC-0400,1488337200000,,,,PEzvKidhug,,1488335280000,1488344454370,
1e3c35db-e5bd-488d-9446-bae112d20b27,0.0,,,,com.sec.android.app.shealth,1492294857735,UTC-0300,1492264200000,,,0,Q2GTsbBv8Q,,1492240200000,1492294857735,
4f5bf307-1407-4f94-9af1-885b19a6e8f8,0.0,,,,com.sec.android.app.shealth,1491754320855,UTC-0300,1491577800000,,,0,Q2GTsbBv8Q,,1491547800000,1491754320855,
eede890b-14a9-4712-9d95-fa5019e9ea4e,0.0,,,,com.sec.android.app.shealth,1546963706692,UTC-0400,1546963200000,,,0,Mz5pMh3q+T,,1546934400000,1546963706692,
39ae6a4d-b69a-7b82-3f21-04969b2b3503,74.5098,,,1,com.sec.android.app.shealth,1533443933537,UTC-0300,1533443040000,,,,PEzvKidhug,,1533439260000,1533443933537,
acfe54de-46d4-77ba-48e9-2ab6f6eb3050,91.0,,,1,com.sec.android.app.shealth,1559554813331,UTC-0400,1559554800000,,,,PEzvKidhug,acfe54de-46d4-77ba-48e9-2ab6f6eb3050.extra_data.json,1559549760000,1559554813331,
6b27675b-8c96-4af7-8f1c-ae71349b0d17,0.0,,,,com.sec.android.app.shealth,1543503759308,UTC-0400,1543501800000,,,0,Mz5pMh3q+T,,1543478400000,1543503759308,
e27d15ab-3289-4a2b-a935-d3fd5fb1c4d9,0.0,,,,com.sec.android.app.shealth,1561282328376,UTC+0400,1561276800000,,,0,4V/TlqPcbG,,1561251600000,1561282328376,
0730842c-3084-47b1-b764-bd5743ff9b62,0.0,,,,com.sec.android.app.shealth,1492027590962,UTC-0300,1491922800000,,,0,Q2GTsbBv8Q,,1491894000000,1492027590962,
0ac16490-b1c6-44cb-03de-d51330668155,97.52066,,,1,com.sec.android.app.shealth,1499305138267,UTC-0300,1499304240000,,,,PEzvKidhug,,1499297040000,1499305138267,
dd7612b1-7176-8fd3-6415-12a5c83ea52f,97.95918,,,1,com.sec.android.app.shealth,1507534376294,UTC-0300,1507533480000,,,,PEzvKidhug,,1507524720000,1507534376294,
74b3cd21-d46d-4100-843f-cd47f54d67a8,0.0,,,,com.sec.android.app.shealth,1535560333880,UTC-0300,1535550600000,,,0,Mz5pMh3q+T,,1535529600000,1535560333880,
56299562-b30b-4556-a14b-39854b547018,0.0,,,,com.sec.android.app.shealth,1545321295938,UTC-0400,1545321288410,,,0,Mz5pMh3q+T,,1545295800000,1545321295938,
9736ade7-8648-4de8-86d8-0ce9245b688b,0.0,,,,com.sec.android.app.shealth,1510328556833,UTC-0400,1509984600000,,,0,EHdtKydEi4,,1509957000000,1510328556833,
d3243ae9-8dfe-44df-a7d1-f592d846e398,0.0,,,,com.sec.android.app.shealth,1548518358951,UTC-0400,1548518357488,,,0,Mz5pMh3q+T,,1548484200000,1548518358951,
ae39cc79-69c3-a5c9-b91b-177fa2dffd77,60.0,,,1,com.sec.android.app.shealth,1559229885645,UTC-0300,1558562100000,,,,PEzvKidhug,ae39cc79-69c3-a5c9-b91b-177fa2dffd77.extra_data.json,1558559640000,1559229885645,
12d5a4d8-1901-693f-039c-11d5b93d0c3f,92.38095,,,1,com.sec.android.app.shealth,1522979032544,UTC-0300,1522978620000,,,,PEzvKidhug,,1522972380000,1522979032544,
01f9ceaa-0715-4b3f-9d31-9041dd4c50b1,0.0,,,,com.sec.android.app.shealth,1561713677454,UTC+0400,1561704000000,,,0,4V/TlqPcbG,,1561681200000,1561713677454,
5e871c84-76ee-358e-0c71-20d7dddd1c76,92.0,,,1,com.sec.android.app.shealth,1488330867263,UTC-0400,1488323640000,,,,PEzvKidhug,,1488320700000,1488330867263,
c4747f2a-71a1-4924-a758-225209800d94,0.0,,,,com.sec.android.app.shealth,1563379696417,UTC-0300,1563372600000,,,0,4V/TlqPcbG,,1563347400000,1563379696417,
571c6c14-dd32-40bc-a5f5-a9310fe9bde8,0.0,,,,com.sec.android.app.shealth,1505619509418,UTC-0300,1505576400000,,,0,EHdtKydEi4,,1505545800000,1505619509418,
5002fc50-c6f9-4677-b015-153d73078cb4,0.0,,,,com.sec.android.app.shealth,1546881589791,UTC-0400,1546875600000,,,0,Mz5pMh3q+T,,1546848000000,1546881589791,
69201157-69e0-480b-bef1-ff350005a63c,0.0,,,,com.sec.android.app.shealth,1563462057471,UTC-0300,1563462050144,,,0,4V/TlqPcbG,,1563432600000,1563462057471,
6530eae8-8a4a-4528-9e42-7c14be245b83,0.0,,,,com.sec.android.app.shealth,1549984089389,UTC-0400,1549981200000,,,0,Mz5pMh3q+T,,1549955400000,1549984089389,
ff364216-7a98-da22-c5d1-5679d5b61621,96.47059,,,1,com.sec.android.app.shealth,1526080639328,UTC-0300,1526080200000,,,,PEzvKidhug,,1526075160000,1526080639328,
833f2989-8dde-4bf6-b4c9-c3a6bc736775,0.0,,,,com.sec.android.app.shealth,1522969098643,UTC-0300,1522851000000,,,0,9wVta8KBzt,,1522824600000,1522969098643,
d46293f8-fe82-4217-a7d0-a0cb49e1aa05,0.0,,,,com.sec.android.app.shealth,1546278649616,UTC-0400,1546275000000,,,0,Mz5pMh3q+T,,1546245600000,1546278649616,
f866470e-2f4b-4e68-8385-53e8ed4b9226,0.0,,,,com.sec.android.app.shealth,1506881024466,UTC-0300,1506695400000,,,0,EHdtKydEi4,,1506668400000,1506881024466,
f347d17b-75de-46ce-8afc-019411390dc0,0.0,,,,com.sec.android.app.shealth,1488988012403,UTC-0500,1488807600000,,,0,Q2GTsbBv8Q,,1488781200000,1488988012403,
dfa25ce9-affe-41f4-8a34-06aabbcdc8f8,0.0,,,,com.sec.android.app.shealth,1541167837720,UTC-0300,1541166000000,,,0,Mz5pMh3q+T,,1541140800000,1541167837720,
807aad08-a661-2a68-8a84-74185599f5b8,98.63481,,,1,com.sec.android.app.shealth,1507683174243,UTC-0300,1507682280000,,,,PEzvKidhug,,1507664760000,1507683174243,
7eadfaf4-f30b-4ca7-892a-880145a0fef9,0.0,,,,com.sec.android.app.shealth,1562943512156,UTC-0300,1562935200000,,,0,4V/TlqPcbG,,1562909400000,1562943512156,
5ba2fc4e-a36e-471a-a83a-86dba63844bf,0.0,,,,com.sec.android.app.shealth,1491754313661,UTC-0300,1491664800000,,,0,Q2GTsbBv8Q,,1491634800000,1491754313661,
80928011-76ee-4f1b-ae3a-cc475e6835c4,0.0,,,,com.sec.android.app.shealth,1547481827911,UTC-0400,1547477400000,,,0,Mz5pMh3q+T,,1547449800000,1547481827911,
017e93dc-9223-bdff-19ae-bed0eea3c4fe,97.47899,,,1,com.sec.android.app.shealth,1507934517258,UTC-0300,1507933620000,,,,PEzvKidhug,,1507926540000,1507934517258,
5096af4f-87a0-465a-9019-17b2a832dc26,0.0,,,,com.sec.android.app.shealth,1558706575837,UTC-0300,1558706400000,,,0,4V/TlqPcbG,,1558684200000,1558706575837,
394f5567-e527-46a6-a714-79952123fd12,0.0,,,,com.sec.android.app.shealth,1547396179136,UTC-0400,1547389200000,,,0,Mz5pMh3q+T,,1547365200000,1547396179136,
3445ae87-255b-f36e-6d91-ad02a05f91bc,89.02439,,,1,com.sec.android.app.shealth,1517170430387,UTC-0400,1517169540000,,,,PEzvKidhug,,1517164680000,1517170430387,
05f52e66-8cf3-49c8-8b15-c6eba179ac69,0.0,,,,com.sec.android.app.shealth,1557500905820,UTC-0300,1557493200000,,,0,4V/TlqPcbG,,1557467400000,1557500905820,
07682735-441c-40af-8ada-201d3696444a,0.0,,,,com.sec.android.app.shealth,1562076123291,UTC-0300,1562068200000,,,0,4V/TlqPcbG,,1562038200000,1562076123291,
e705c747-67ab-4586-b404-f1b472077474,0.0,,,,com.sec.android.app.shealth,1546528269748,UTC-0400,1546528200000,,,0,Mz5pMh3q+T,,1546501800000,1546528269748,
f9078337-3bef-cf7c-d494-96cd5230a0c4,97.84173,,,1,com.sec.android.app.shealth,1506894369518,UTC-0300,1506893460000,,,,PEzvKidhug,,1506885180000,1506894369518,
8730cc54-1aec-0b3b-c6f9-2b99c5a3dc0d,92.023346,,,1,com.sec.android.app.shealth,1491754283834,UTC-0300,1491754200000,,,,PEzvKidhug,,1491723420000,1491754283834,
c4871d3d-db14-4070-8b76-52968fb06d38,0.0,,,,com.sec.android.app.shealth,1507149366374,UTC-0300,1506954600000,,,0,EHdtKydEi4,,1506927600000,1507149366374,
d3a5a538-7955-40b6-875f-ab3988285b54,0.0,,,,com.sec.android.app.shealth,1545846954373,UTC-0400,1545846951085,,,0,Mz5pMh3q+T,,1545813600000,1545846954373,
663af751-fe88-4359-a6e3-3005a2a51b8b,0.0,,,,com.sec.android.app.shealth,1563549683468,UTC-0300,1563543000000,,,0,4V/TlqPcbG,,1563520800000,1563549683468,
4a83c23c-3645-42cb-99af-64820600fc75,0.0,,,,com.sec.android.app.shealth,1558967272065,UTC-0300,1558964400000,,,0,4V/TlqPcbG,,1558938000000,1558967272065,
4769770e-079d-4610-b94a-b3290eb8d854,0.0,,,,com.sec.android.app.shealth,1510328559557,UTC-0400,1509898800000,,,0,EHdtKydEi4,,1509865200000,1510328559557,
6eb1fb03-f55b-4811-a453-d7488a729977,0.0,,,,com.sec.android.app.shealth,1540225192026,UTC-0300,1540217400000,,,0,Mz5pMh3q+T,,1540183200000,1540225192026,
7c94ff13-a1de-17cd-4cfd-a59e7d81f847,95.04951,,,1,com.sec.android.app.shealth,1519679655337,UTC-0400,1519678740000,,,,PEzvKidhug,,1519672740000,1519679655337,
8d8e5d52-1063-48ff-8450-322c58ae89a4,0.0,,,,com.sec.android.app.shealth,1520565008229,UTC-0400,1520437200000,,,0,EHdtKydEi4,,1520409600000,1520565008229,
4445900e-98e5-67d5-929d-d6fdaf4e19bf,96.42857,,,1,com.sec.android.app.shealth,1507086890549,UTC-0300,1507086000000,,,,PEzvKidhug,,1507081020000,1507086890549,
60698a3e-3e74-4a89-bf6e-eca87130f41e,0.0,,,,com.sec.android.app.shealth,1488988023865,UTC-0500,1488724200000,,,0,Q2GTsbBv8Q,,1488694200000,1488988023865,
b600aecf-82e2-486d-a736-940d53943f41,0.0,,,,com.sec.android.app.shealth,1530492911986,UTC-0300,1530454200000,,,0,9wVta8KBzt,,1530420600000,1530492911986,
2c5613f3-ed1f-4fda-9437-c9479bd83eaa,0.0,,,,com.sec.android.app.shealth,1561997566409,UTC-0300,1561983600000,,,0,4V/TlqPcbG,,1561961400000,1561997566409,
80be638a-3665-4ff9-af18-ad6cce056e7d,0.0,,,,com.sec.android.app.shealth,1562855588351,UTC-0300,1562853000000,,,0,4V/TlqPcbG,,1562823600000,1562855588351,
a920cf40-89b6-5eb4-55fe-0e42e4e7082c,93.15069,,,1,com.sec.android.app.shealth,1500785061020,UTC-0300,1500784140000,,,,PEzvKidhug,,1500779820000,1500785061020,
d2fcfd9d-195b-4ccc-8d38-c990f9a16beb,0.0,,,,com.sec.android.app.shealth,1560850844483,UTC+0400,1560850800000,,,0,4V/TlqPcbG,,1560820200000,1560850844483,
9e9b26e5-c883-40b2-beed-699113e5dfe0,0.0,,,,com.sec.android.app.shealth,1535221324461,UTC-0300,1535203800000,,,0,Mz5pMh3q+T,,1535185200000,1535221324461,
9994137d-6bb6-4cd5-9e72-74e8380b1e20,0.0,,,,com.sec.android.app.shealth,1555000477373,UTC-0300,1554991800000,,,0,4V/TlqPcbG,,1554967800000,1555000477373,
b809b898-c338-2d98-0ba5-9b986968365b,97.38562,,,1,com.sec.android.app.shealth,1499212938263,UTC-0300,1499212020000,,,,PEzvKidhug,,1499202900000,1499212938263,
3f5f4240-f2c0-473e-855a-c6099bf0984a,0.0,,,,com.sec.android.app.shealth,1537713360077,UTC-0300,1537709400000,,,0,Mz5pMh3q+T,,1537686600000,1537713360077,
2aed2684-8952-42a0-be0a-45dad3830bd8,0.0,,,,com.sec.android.app.shealth,1561119469003,UTC+0400,1561104600000,,,0,4V/TlqPcbG,,1561078800000,1561119469003,
a79f057c-d790-49ba-83fc-f6656e6378e2,0.0,,,,com.sec.android.app.shealth,1506467702268,UTC-0300,1505833200000,,,0,EHdtKydEi4,,1505803200000,1506467702268,
6cd47af2-2ee6-4485-8f8c-71beafe2e531,0.0,,,,com.sec.android.app.shealth,1558195399655,UTC-0300,1558192200000,,,0,4V/TlqPcbG,,1558162800000,1558195399655,
7bb14753-a0bb-4598-82f6-6cb4f1bc5121,0.0,,,,com.sec.android.app.shealth,1506467696825,UTC-0300,1506000600000,,,0,EHdtKydEi4,,1505965800000,1506467696825,
94d7695a-92f8-4c97-8243-86da39375e61,0.0,,,,com.sec.android.app.shealth,1539957746657,UTC-0300,1539954000000,,,0,Mz5pMh3q+T,,1539924600000,1539957746657,
f0a2904a-8a65-40df-beae-cc3d4340a510,0.0,,,,com.sec.android.app.shealth,1555348460830,UTC-0300,1555335600000,,,0,4V/TlqPcbG,,1555312800000,1555348460830,
0ac7600c-1ed2-435f-8ee7-1f52773ee560,0.0,,,,com.sec.android.app.shealth,1541949108794,UTC-0400,1541945400000,,,0,Mz5pMh3q+T,,1541919600000,1541949108794,
7754e3d1-7f56-4243-a97e-0e0681802579,0.0,,,,com.sec.android.app.shealth,1516156404489,UTC-0400,1516110600000,,,0,EHdtKydEi4,,1516086000000,1516156404489,
30f16ed2-b17c-419f-801f-273f726502fd,0.0,,,,com.sec.android.app.shealth,1484869899891,UTC-0400,1484842800000,,,0,Q2GTsbBv8Q,,1484815800000,1484869899891,
04a08e2c-dc49-4eac-bc03-c3b02e147aa2,0.0,,,,com.sec.android.app.shealth,1564928076711,UTC-0300,1564925400000,,,0,4V/TlqPcbG,,1564900800000,1564928076711,
f31ef130-4825-453d-95d1-5c4645e76809,0.0,,,,com.sec.android.app.shealth,1555780820632,UTC-0300,1555770600000,,,0,4V/TlqPcbG,,1555744200000,1555780820632,
99032f52-95f1-445d-9563-de8b4c204201,0.0,,,,com.sec.android.app.shealth,1510328543594,UTC-0400,1510322400000,,,0,EHdtKydEi4,,1510295400000,1510328543594,
3d0f0c31-465f-4586-b52d-552c89f25e0a,0.0,,,,com.sec.android.app.shealth,1512617716832,UTC-0400,1512574800000,,,0,EHdtKydEi4,,1512544800000,1512617716832,
caa19847-36d9-44d9-b284-9b0c805ec2cc,0.0,,,,com.sec.android.app.shealth,1550589582049,UTC-0400,1550589580664,,,0,Mz5pMh3q+T,,1550562600000,1550589582049,
852f661f-9432-4e99-8eb5-98bb201b0192,0.0,,,,com.sec.android.app.shealth,1566396007853,UTC-0300,1566388200000,,,0,4V/TlqPcbG,,1566363000000,1566396007853,
2bc161e8-58c0-a9cd-e104-8309a6fc1c09,97.54601,,,1,com.sec.android.app.shealth,1507158847189,UTC-0300,1507158720000,,,,PEzvKidhug,,1507149000000,1507158847189,
624cd56e-94e0-49f4-b380-d7932bece7e2,0.0,,,,com.sec.android.app.shealth,1561533503821,UTC+0400,1561532400000,,,0,4V/TlqPcbG,,1561509000000,1561533503821,
f6ddea90-1411-4d37-be77-81afafb07f68,0.0,,,,com.sec.android.app.shealth,1563026540418,UTC-0300,1563022200000,,,0,4V/TlqPcbG,,1562995200000,1563026540418,
a65a6cbc-cc50-0b17-7934-722f81d52638,95.3125,,,1,com.sec.android.app.shealth,1508017452911,UTC-0300,1508017440000,,,,PEzvKidhug,,1508013600000,1508017452911,
92d97f07-21f7-476d-871c-fc6bc8fcf239,0.0,,,,com.sec.android.app.shealth,1560936345089,UTC+0400,1560936000000,,,0,4V/TlqPcbG,,1560907800000,1560936345089,
86e41e4c-3f3a-8b6f-2e39-6a64bd97b62e,97.85714,,,1,com.sec.android.app.shealth,1507353263281,UTC-0300,1507352340000,,,,PEzvKidhug,,1507344000000,1507353263281,
b63266e6-dd1a-4f01-a0b6-f73a007f0344,0.0,,,,com.sec.android.app.shealth,1510328550936,UTC-0400,1510158000000,,,0,EHdtKydEi4,,1510129200000,1510328550936,
8f80c247-e847-4f8d-a07f-0a144ae3f123,0.0,,,,com.sec.android.app.shealth,1547137062203,UTC-0400,1547136600000,,,0,Mz5pMh3q+T,,1547110800000,1547137062203,
6d236a74-9793-4506-a445-17741b2e7b54,0.0,,,,com.sec.android.app.shealth,1547307182760,UTC-0400,1547305200000,,,0,Mz5pMh3q+T,,1547272800000,1547307182760,
d7d4ef87-3108-4cf6-b07c-38bde4f74a7e,0.0,,,,com.sec.android.app.shealth,1561192181432,UTC+0400,1561192177210,,,0,4V/TlqPcbG,,1561160400000,1561192181432,
91222ba6-2afd-4817-8af2-92ce91b79fd7,0.0,,,,com.sec.android.app.shealth,1484869947065,UTC-0400,1484489400000,,,0,Q2GTsbBv8Q,,1484465400000,1484869947065,
803d96d0-1003-43c2-a880-72ee9d4f502c,0.0,,,,com.sec.android.app.shealth,1510802962244,UTC-0400,1510756800000,,,0,EHdtKydEi4,,1510720200000,1510802962244,
8ee8f5ae-c03e-48b7-93a8-96ef4489555e,0.0,,,,com.sec.android.app.shealth,1561618806583,UTC+0400,1561618200000,,,0,4V/TlqPcbG,,1561591800000,1561618806583,
892bc6c7-d671-439b-a340-ca034be096ba,0.0,,,,com.sec.android.app.shealth,1566482632733,UTC-0300,1566482400000,,,0,cfxbbbfj2r,,1566457800000,1566482632733,
